"org","count"
"uct.ac.za",25
"collab.sakaiproject.org",162
"nakamura.uits.iupui.edu",27
"localhost",27
"media.berkeley.edu",16
"umich.edu",29
"iupui.edu",38
"caret.cam.ac.uk",4
"gmail.com",4
"david-horwitz-6",4
"murder",54
"holes.mr.itd.umich.edu",4
"paploo.uhi.ac.uk",27
"prod.collab.uhi.ac.uk",27
"nakamura.uits.iupui.edu",54
"icestorm.mr.itd.umich.edu",2
"ghostbusters.mr.itd.umich.edu",1
"dreamcatcher.mr.itd.umich.edu",1
"firestarter.mr.itd.umich.edu",2
"eyewitness.mr.itd.umich.edu",2
"tadpole.mr.itd.umich.edu",1
"it.mr.itd.umich.edu",1
"creepshow.mr.itd.umich.edu",2
"carrie.mr.itd.umich.edu",1
"shining.mr.itd.umich.edu",1
"guys.mr.itd.umich.edu",2
"galaxyquest.mr.itd.umich.edu",2
"workinggirl.mr.itd.umich.edu",1
"salemslot.mr.itd.umich.edu",3
"anniehall.mr.itd.umich.edu",1
